{
  "2": 0.4238166027420626,
  "3": 0.4048276768420766,
  "4": 0.33206002563196096,
  "5": 0.33510763795758475,
  "6": 0.3205219707689385,
  "7": 0.3021823026145215
}